,Headlines
0,EXCLUSIVE: Pafos captain Goldar dreaming of extending Champions League fairy-tale
1,Why Man Utd cannot even contemplate the thought of letting Bruno Fernandes leave
2,RB Leipzig drop valuable points as St. Pauli score late equaliser from the spot
3,10-man Hoffenheim hold on to beat Werder Bremen and strengthen hold on third
4,Tottenham forwards Kolo Muani and Odobert involved in minor car accident
5,Tottenham exploring possibility of making late move for Crystal Palace striker Mateta
6,"Five things from Mamelodi Sundowns' late, late show against Sekhukhune United"
7,Benfica's Mourinho set for Real Madrid & Arbeloa reunion in Champions League clash
8,Tammy Abraham returns to Aston Villa from Besiktas in £18 million deal
9,"European Highlights: Real Madrid & Chelsea in high-stakes reunions, winner takes all in Paris"
10,'A very bad cocktail': Slot puts Liverpool's struggles down to a lack of balance
11,Seven PAOK fans on way to Europa League clash with Lyon killed in minibus crash
12,Bournemouth sign exciting Brazilian forward Rayan from Vasco da Gama
13,Man Utd looking to get Rennes' Meite in as Zirkzee pushes for move away
14,Brazil announces intention to bid for 2029 Club World Cup after Lula meets Infantino
15,Arsenal boss Arteta hails 'beautiful' response to shock loss against Man Utd
16,A closer look at a decisive Champions League tie between PSG and Newcastle
17,"Comparing Lamine Yamal to Messi 'crazy', insists Barcelona's Dani Olmo"
18,Guardiola tells Man City players to step things up to help Haaland end goal drought
19,Sabitzer and Sule to miss Dortmund's crucial Champions League clash with Inter
20,Team of the Week: Endrick stars once again in Ligue 1 as Dimarco delivers for Inter
21,Head of Spanish FA says nation will host 2030 World Cup over Morocco after AFCON chaos
22,"Premier League Team of the Week: Estevao, Bowen and Marmoush impress"
23,Premier League Player of the Week: Bowen stars for resurgent West Ham once again
24,"Danish Man Utd defender Dorgu reportedly out for 10 weeks, could miss WC playoffs"
